UniqueID,ACTIVE_IN _EXPERIMENT,VOUCHER,Nov05_FAIL,Nov13_FAIL,Nov23_FAIL,Unsubscribe_Request,Other_msg_fail,TREATMENT,Nursing_HOME,EXCLUDE,MALE,Reminder Type,Address GROUP,Drug Count,CARER GROUP,HAS_CELL_PHONE,HAS_EMAIL,3MONTH_ACTIVE,3MONTH_ACTIVE(NEW),CELL_DUP_GP,NAME_DUP_GP
277397,,,,,,,,GROUP 1 CONTROL,,,,App,0,0,,0,1,1,1,,
688060,,,,,,,,,1,1,,App,27,0,,0,0,0,,,
109514,,,,,,,,Tr2.0 NO SMS CONTROL,,,1,App,1,0,1,0,0,0,,,
594507,1,1,,,,,,GROUP 1 TREATMENT,,,,App,0,4,,0,1,1,1,,
138325,,,,,,,,Tr1.1 SMS & TREATMENT,,,,App,0,1,,1,1,0,,,
371865,1,,,,,,,GROUP 1 TREATMENT,,,,App,11,2,6,0,1,1,1,,
238227,,,,,,,,Tr1.0 SMS & CONTROL,,,,App,13,0,4,1,1,1,1,,
239082,,,,,,,,Tr2.0 NO SMS CONTROL,,,,SMS,0,2,,1,0,0,,,
713133,,,,,,,,,,1,,App,0,0,,1,1,0,,,
345908,,,,,,,,Tr1.1 SMS & TREATMENT,,,,Contact,0,,,1,0,0,,,
539627,1,,,,,,,Tr1.0 SMS & CONTROL,,,,App,19,1,5,1,1,1,1,,
618958,,,,,,,,Tr2.1 NO SMS TREATMENT,,,,App,7,1,,0,0,0,,,
957456,,,,,,,,,,1,,App,0,0,,0,0,0,,,
681760,,,,,,,,Tr1.0 SMS & CONTROL,,,,App,0,0,,1,1,1,1,,
517230,1,,,,,,,Tr1.0 SMS & CONTROL,,,,App,0,3,,1,1,1,1,,
768983,,,,,,,,GROUP 1 CONTROL,,,1,App,12,0,,0,0,0,,,
831667,,,,,,,,Tr1.0 SMS & CONTROL,,,1,App,0,2,,1,1,0,,,
801626,,,,,,,,Tr2.1 NO SMS TREATMENT,,,1,App,0,3,,1,1,0,,,
109596,,,,,,,,Tr1.1 SMS & TREATMENT,,,,App,0,1,,1,1,0,,,
587027,,,,,,,,,,1,1,App,0,0,,0,0,0,,,
109295,,,,,,,,Tr1.1 SMS & TREATMENT,,,,Contact,0,,,1,0,0,,,
457725,1,,,,,,,Tr1.0 SMS & CONTROL,,,,App,0,1,,1,1,1,1,,
341914,,,,,,,,Tr1.1 SMS & TREATMENT,,,,SMS - Changed to App,0,1,,1,0,0,0,,
217901,,,,,,,,,,1,,Contact,0,,,1,0,0,,1,
228005,,,,,,,,Tr1.0 SMS & CONTROL,,,1,App,0,0,,1,1,0,,,
268218,,,,,,,,GROUP 1 CONTROL,,,,App,0,0,,0,0,0,,,
980051,,,,,,,,,,,,App,27,0,,0,0,0,,,
111212,1,,,,,,,Tr1.0 SMS & CONTROL,,,1,App,4,3,,1,1,1,1,,
434833,,,,,,,1,Tr1.0 SMS & CONTROL,,,,App – Pending Verification,0,8,,1,0,0,,,
879838,,,,,,,,Tr1.0 SMS & CONTROL,,,,App,9,3,,1,1,0,,,
453335,,,,,,,,Tr1.0 SMS & CONTROL,,,,App,9,4,,0,0,0,,,
793189,,,,,,,,Tr2.1 NO SMS TREATMENT,,,,App,0,0,,1,1,0,,,
202361,,,,,,,,,,1,,App,0,1,,0,1,0,,,
837470,,,,,,,,GROUP 1 CONTROL,,,,App,0,0,,0,0,0,,,
875932,,,,,,,,Tr2.1 NO SMS TREATMENT,,,1,App,28,2,,1,1,0,,4,
685392,,,,,,,,Tr2.0 NO SMS CONTROL,,,1,Contact,0,,,1,0,0,,,
204960,,,,,,,,Tr2.1 NO SMS TREATMENT,,,,App – Pending Verification,28,1,,1,0,0,,4,
881840,,,,,,,,,,1,,App,0,1,,0,0,0,,,
986350,1,,,,,,,,,1,,App,0,2,2,1,1,1,1,,
339179,,,,,,,,,,1,,App,7,3,,0,0,0,,,
554044,,,,,,,,,,1,,App,27,0,,0,0,0,,,
120517,1,,,,,,,Tr1.0 SMS & CONTROL,,,,App,0,3,,1,1,1,1,,
318969,,,,,,,,Tr1.0 SMS & CONTROL,,,1,SMS,0,7,,1,0,0,,,
506570,1,,,,,,,Tr1.1 SMS & TREATMENT,,,1,App,12,2,,1,1,1,1,,
261180,,,,,,,,Tr2.1 NO SMS TREATMENT,,,1,App,24,1,3,0,0,0,,,
354426,1,,,,,,,Tr1.1 SMS & TREATMENT,,,1,App,12,2,,0,1,1,1,,
125700,,,,,,,,Tr1.0 SMS & CONTROL,,,1,App,13,1,4,0,0,0,,,
873642,,,,,,,,Tr1.0 SMS & CONTROL,,,1,App,13,0,4,0,0,0,,,
963762,,,,,,,,Tr1.0 SMS & CONTROL,,,1,App,13,0,4,0,0,0,,,
565758,,,,,,,,,,1,,App,27,2,,0,0,0,,,
309560,,,,,,,,Tr1.1 SMS & TREATMENT,,,1,SMS,11,0,,1,0,0,,,
616433,,,,,,,,GROUP 1 CONTROL,,,,App,0,0,,0,0,0,,,
309041,,,,,,,,Tr1.0 SMS & CONTROL,,,1,App,19,2,5,0,0,0,,,
671320,,,,,,,,Tr1.1 SMS & TREATMENT,,,,SMS,0,1,,1,0,1,1,,
595292,,,,,,,,,,1,,App,0,12,,0,0,0,,,
728774,,,,,,,,Tr1.0 SMS & CONTROL,,,1,App,0,7,,1,1,0,0,,
684693,,,,,,,,GROUP 1 CONTROL,,,,App,0,0,,0,0,0,,,
709090,,,,,,,,Tr2.1 NO SMS TREATMENT,,,1,App,0,0,,1,1,0,,,
534143,,,,,,,1,Tr1.0 SMS & CONTROL,,,1,SMS,0,1,,1,0,0,,,
130281,,,,,,,,,,1,1,App,20,0,,0,0,0,,,
926031,,,,,,,,GROUP 1 TREATMENT,,,1,App,20,1,,0,0,0,,,
406155,,,,,,,,Tr1.1 SMS & TREATMENT,,,,App,6,8,,0,0,0,,,
215558,,,,,,,,,,1,,App,27,0,,0,0,0,,,
614218,,,,,,,,,,1,,SMS,0,0,,1,0,0,,,
378421,,,,,,,,Tr2.1 NO SMS TREATMENT,,,1,App,0,1,,1,1,0,,,
256498,1,,,,,,,Tr1.1 SMS & TREATMENT,,,,App,10,0,7,1,1,1,1,,
115205,,,,,,,,Tr2.1 NO SMS TREATMENT,,,1,App,0,2,,1,1,0,,,
601597,,,,,,,,,,1,,App,0,8,,0,0,0,,,
554199,,,,,,,,Tr1.1 SMS & TREATMENT,,,1,Contact,0,,,1,0,0,,,
602942,,,,,,,,,,1,1,Contact,0,,,1,0,0,,1,
696428,,,,,,,,Tr1.1 SMS & TREATMENT,,,1,App,0,5,,1,1,1,1,,
529249,,,,,,,,GROUP 1 TREATMENT,,,1,App,11,1,6,0,0,0,,,
614987,,,,,,,,Tr2.1 NO SMS TREATMENT,,,,App,0,4,,1,1,0,,,
371637,,,,,,,,Tr1.0 SMS & CONTROL,,,,App,0,1,,1,1,0,,,
310734,1,,,,,,,Tr1.1 SMS & TREATMENT,,,,App,0,3,,1,1,1,1,,
167729,,,,,,,,Tr2.0 NO SMS CONTROL,,,1,App,15,0,,0,0,0,,,
525775,,,,,,,,Tr2.1 NO SMS TREATMENT,,,,App,0,4,,1,1,0,,,
378069,,,,,,,,Tr2.1 NO SMS TREATMENT,,,1,SMS,26,0,,1,0,0,,2,1
378069,,,,,,,,Tr2.1 NO SMS TREATMENT,,,1,App – Pending Verification,26,2,,1,0,0,,2,1
910716,,,,,,,,Tr2.0 NO SMS CONTROL,,,1,App,0,2,,1,1,0,,,
543706,,,,,,,,,,1,1,App,0,0,,0,0,0,,,
596243,1,,,,,,,Tr1.1 SMS & TREATMENT,,,,App,23,3,11,1,1,1,1,,
584013,,,,,,,,Tr1.1 SMS & TREATMENT,,,1,App,10,0,7,0,0,0,,,
602055,,,,,,,,Tr1.1 SMS & TREATMENT,,,1,App,10,1,7,0,0,0,,,
897857,,,,,,,,GROUP 1 TREATMENT,,,,App,0,1,,0,1,0,,,
323973,,,,,,,,Tr2.0 NO SMS CONTROL,,,,App,0,3,,1,1,0,0,,
630000,,,,,,,,,,1,,App – Pending Verification,0,3,,1,0,0,,,
446265,,,,,,,,Tr1.0 SMS & CONTROL,,,,App,0,0,,1,1,0,,,
917761,,,,,,,,GROUP 1 TREATMENT,,,1,App,0,0,,0,0,0,,,
848947,,,,,,,,Tr2.0 NO SMS CONTROL,,,,App,0,0,,1,1,0,,,
469345,,,,,,,,Tr1.0 SMS & CONTROL,,,,App,0,0,,1,1,0,,,
281692,,,,,,,,Tr2.1 NO SMS TREATMENT,,,,App,0,0,,1,1,0,0,,
494649,,,,,,,,,,1,,App,27,0,,0,0,0,,,
472902,,,,,,,,GROUP 1 TREATMENT,,,,App,0,0,,0,0,0,,,
246124,,,,,1,,,Tr1.1 SMS & TREATMENT,,,,Contact,0,,,1,0,0,,,
641175,,,,,,,,Tr2.1 NO SMS TREATMENT,,,,App,29,0,,1,1,0,0,,
596095,1,,,,,,,Tr1.1 SMS & TREATMENT,,,,App,5,0,,1,1,1,1,,
998669,1,1,,,,,,Tr1.1 SMS & TREATMENT,,,,App,30,0,14,1,1,1,1,,
399560,,,,,,,,Tr2.1 NO SMS TREATMENT,,,,App,3,0,8,0,0,0,,,
263266,,,,,,,,Tr1.1 SMS & TREATMENT,,,1,App,0,3,,1,1,1,1,,
937515,,,,,,,,Tr2.1 NO SMS TREATMENT,,,1,App,3,1,,0,0,0,,,
970467,,,,,,,,,1,1,,App,27,3,,0,0,0,,,
431524,,,,,,,,GROUP 1 CONTROL,,,1,App,0,0,,0,0,0,,,
339321,,,,,,,,Tr2.0 NO SMS CONTROL,,,,App,0,0,,1,1,0,,,
997083,1,,,,,,,Tr1.1 SMS & TREATMENT,,,,App,0,2,,1,1,0,,,
493511,,,,,,,,GROUP 1 TREATMENT,,,,App,0,0,,0,0,0,,,
441816,,,,,,,,,,1,,App,12,0,,0,0,0,,,
510967,,,,,,,,,1,1,1,App,0,8,,0,0,0,,,
973587,,,,,,,,,,1,,App,0,0,,0,0,0,,,
234903,,,,,,,,,,1,,App,27,2,,0,0,0,,,
167598,,,,,,,,,,1,,Contact,0,,,1,0,0,,1,
410087,,,,,,,,,1,1,,App,27,0,,0,0,0,,,
787622,,,,,,,,Tr2.1 NO SMS TREATMENT,,,1,SMS,0,2,,1,0,0,,,
366301,,,,,,,,Tr1.0 SMS & CONTROL,,,1,App,0,1,,1,1,0,,,
899114,,,,,,,,GROUP 1 TREATMENT,,,,App,0,0,,0,0,0,,,
423586,,,,,,,,GROUP 1 CONTROL,,,1,App,0,1,,0,0,0,,,
789400,,,,,,,,GROUP 1 TREATMENT,,,1,App,0,3,,0,0,0,,,
164414,,,,,,,,GROUP 1 TREATMENT,,,,App,0,6,,0,0,0,,,
401015,,,,,,,,GROUP 1 TREATMENT,,,,App,11,0,,0,0,0,,,
265948,,,,,,,,,,1,,App,0,4,,0,0,0,,,
643316,,,,,,,,Tr2.1 NO SMS TREATMENT,,,1,App,22,2,9,0,0,0,,,
117020,,,,,,,,Tr1.1 SMS & TREATMENT,,,1,App,17,4,,1,1,1,1,,
397671,,,,,,,,,,1,1,App,0,0,,0,0,0,,,
406933,,,,,,,,,,1,,App,0,3,,0,0,0,,,
505064,,,,,,,,Tr2.1 NO SMS TREATMENT,,,,App,0,6,,1,1,0,,,
463956,1,1,,,,,,Tr1.1 SMS & TREATMENT,,,,App,0,4,,1,1,1,1,,
415673,,,,,,,,,,1,1,App,27,0,,0,0,0,,,
561540,,,,,,,,Tr2.0 NO SMS CONTROL,,,1,App,0,3,,1,1,0,,,
418022,,,,,,,,Tr2.1 NO SMS TREATMENT,,,,App,0,0,,1,1,0,,,
206238,,,,,,,,Tr1.1 SMS & TREATMENT,,,,App,0,7,,1,1,1,1,,
657798,,,,,,,,,,1,,App,27,0,,0,0,0,,,
963066,,,,,,,,,,1,1,App,0,0,,0,0,0,,,
557424,,,,,,,,Tr1.0 SMS & CONTROL,,,,App,0,0,,1,1,0,,,
208016,,,,,,,,,1,1,,App,27,2,,0,0,0,,,
506415,1,,,,,,,Tr2.0 NO SMS CONTROL,,,,App,1,1,1,1,1,1,1,,
245701,,,,,,,,Tr1.1 SMS & TREATMENT,,,1,SMS,21,2,,1,0,0,,3,2
245701,,,,,,,,Tr1.1 SMS & TREATMENT,,,1,App – Pending Verification,21,4,,1,0,0,,3,2
249850,,,,,,,,,,1,1,App,0,0,,0,0,0,,,
776457,1,,,,,,,Tr2.0 NO SMS CONTROL,,,1,App,0,3,,1,1,1,1,,
498704,,,,,,,,Tr2.1 NO SMS TREATMENT,,,,SMS,0,3,,1,0,0,0,,
901189,1,,,,,,,Tr2.0 NO SMS CONTROL,,,,App,0,1,,1,1,1,1,,
365576,,,,,,,,GROUP 1 CONTROL,,,,App,0,2,,0,1,0,0,,
127786,,,,,,,,Tr2.1 NO SMS TREATMENT,,,,App,0,0,,1,1,0,,,
878038,,,,,,,,,,1,1,App,25,0,,0,0,0,,,
688837,,,,,,,,,,1,,App,0,0,,0,0,0,,,
248616,,,,,,,,Tr1.1 SMS & TREATMENT,,,,App,0,2,,1,1,0,,,
347152,,,,,,,,,,1,1,App,8,2,10,0,0,0,,,
215560,,,,,,,,,,1,,App,8,3,10,1,1,1,1,,
401435,,,,,,,,,,1,,App,25,1,,1,1,1,1,,
708922,,,,,,,,,,1,,App,8,0,,1,1,0,,,
655372,,,,,,,,GROUP 1 TREATMENT,,,,App,0,3,,0,0,0,,,
456002,,,,,,,,Tr1.1 SMS & TREATMENT,,,1,App,0,0,,1,1,0,,,
890030,,,,,,,,GROUP 1 TREATMENT,,,1,App,0,0,,0,0,0,,,
285186,,,,,,,,Tr2.0 NO SMS CONTROL,,,,App,15,0,,1,1,1,1,,
757206,,,,,,,,Tr1.1 SMS & TREATMENT,,,1,SMS,5,3,,1,0,0,0,,
352461,1,,,,,,,Tr2.0 NO SMS CONTROL,,,,App,0,5,,1,1,1,1,,
436107,,,,,,,,Tr1.1 SMS & TREATMENT,,,,App,0,3,,1,1,0,,,
697216,,,,,,,,Tr2.0 NO SMS CONTROL,,,,App,2,1,,1,1,1,1,,
618777,,,,,,,,Tr2.1 NO SMS TREATMENT,,,1,App,18,5,12,0,0,0,,,
386047,,,,,,,,Tr2.1 NO SMS TREATMENT,,,,SMS,0,2,,1,0,1,1,,
108928,,,,,,,,Tr2.1 NO SMS TREATMENT,,,1,App,18,0,12,0,0,0,,,
629840,,,,,,,,GROUP 1 CONTROL,,,1,App,0,0,,0,0,0,,,
516976,,,,,,,,Tr2.0 NO SMS CONTROL,,,,App,0,1,,1,1,0,,,
239628,,,,,,,,GROUP 1 TREATMENT,,,1,App,0,0,,0,0,0,,,
714713,,,,,,,,Tr1.1 SMS & TREATMENT,,,,App,0,1,,1,1,0,,,
280907,,,,,,,,Tr2.1 NO SMS TREATMENT,,,2,Contact,0,,,1,0,0,,,
142680,,,,,,,,,,,,App,27,0,,0,0,0,,,
463296,,,,,,,,GROUP 1 TREATMENT,,,,App,16,2,,0,0,0,,,
461800,,,,,,,,,,1,1,App,16,0,,0,0,0,,,
847084,,,,,,,,Tr1.1 SMS & TREATMENT,,,,Contact,0,,,1,0,0,,,
400425,,,,,,,,Tr2.0 NO SMS CONTROL,,,,App,0,1,,1,1,0,,,
349732,,,,,,,,,,,1,App,27,0,,0,0,0,,,
502073,,,,,,,,,,1,1,SMS,0,6,,1,0,0,,,
638795,,,,,,,,GROUP 1 CONTROL,,,1,App,0,8,,0,1,0,,,
240347,,,,,,,,Tr1.1 SMS & TREATMENT,,,,App,0,2,,1,1,0,,,
452392,,,,,,,,,,1,,App,0,1,,0,0,0,,,
339448,,,,,,1,,Tr2.0 NO SMS CONTROL,,,1,SMS,0,5,,1,0,0,,,
378762,1,1,,,,,,Tr2.1 NO SMS TREATMENT,,,,App,0,3,,1,1,0,0,,
996801,,,,,,,,GROUP 1 TREATMENT,,,1,App,0,8,,0,0,0,,,
557852,,,,,,,,Tr2.1 NO SMS TREATMENT,,,1,App,0,5,,1,1,1,1,,
187606,,1,,,,,,Tr1.1 SMS & TREATMENT,,,1,App,30,4,14,0,0,0,,,
676188,1,,,,,,,Tr2.1 NO SMS TREATMENT,,,1,App,7,4,,1,1,1,1,,
148229,,,,,,,,GROUP 1 CONTROL,,,,App,0,1,2,0,0,0,,,
878251,,,,,,,,,1,,,App,27,6,,0,0,0,,,
722253,,,,,,,,,,1,,App,0,0,,0,1,0,,,
588923,,,,,,,,,,1,,App,0,3,,0,1,0,,,
775507,,,,,,,,,1,,1,App,27,0,,0,0,0,,,
874194,,,,,,,,Tr1.1 SMS & TREATMENT,,,,App,0,0,,1,1,0,,,
515989,,,,,,,,Tr1.1 SMS & TREATMENT,,,1,App,6,0,,1,1,0,,,
880349,,,,,,,,Tr1.1 SMS & TREATMENT,,,,Contact,0,,,1,0,0,,,
354375,,,,,,,,Tr1.1 SMS & TREATMENT,,,1,App,0,0,,1,1,0,,,
815776,1,,,,,,,Tr2.1 NO SMS TREATMENT,,,,App,0,2,,1,1,1,1,,
927185,,,,,,,,,1,,,App,0,5,,0,0,0,,,
740890,1,,,,,,,Tr2.1 NO SMS TREATMENT,,,,App,24,4,3,1,1,1,1,,
843665,,,,,,,,GROUP 1 CONTROL,,,,App,0,0,,0,0,0,,,
966442,,,,,,,,Tr1.0 SMS & CONTROL,,,1,Contact,0,,,1,0,0,,,
453546,,,,,,,,,1,,1,App,0,0,,0,0,0,,,
811232,,,,,,,,,,,,App,27,7,,0,0,0,,,
106368,,,,,,,,Tr1.1 SMS & TREATMENT,,,,App,0,0,,1,1,0,,,
803011,1,,,,,,,Tr2.1 NO SMS TREATMENT,,,1,App,29,1,,1,1,1,1,,
270686,,,,,,,,Tr1.0 SMS & CONTROL,,,,App – Pending Verification,4,0,,1,0,0,,,
284079,,,,,,,,Tr2.1 NO SMS TREATMENT,,,,Contact,0,,,1,0,0,,,
780650,,,,,,,,,,1,,App,27,0,,0,0,0,,,
541395,,,,,,,,,,1,,App,0,0,,0,0,0,,,
431333,,,,,,,,,,1,,App,0,0,,0,0,0,,,
615348,,,,,,,,Tr1.1 SMS & TREATMENT,,,,App,0,2,,1,1,0,0,,
992394,,,,,,,,Tr1.0 SMS & CONTROL,,,,Contact,0,,,1,0,0,,,
364544,1,,,,,,,Tr2.0 NO SMS CONTROL,,,,App,0,2,,1,1,0,,,
891674,,,,,,,,Tr1.1 SMS & TREATMENT,,,,App,23,4,11,0,0,0,,,
370406,,,,,,,,Tr1.1 SMS & TREATMENT,,,1,App,0,6,,1,1,0,,,
273929,,,,,,,,,,1,1,App,0,0,,0,0,0,,,
210260,1,,,,,,,Tr1.1 SMS & TREATMENT,,,,SMS,17,3,,1,0,0,,,
639673,1,,,,,,,Tr2.1 NO SMS TREATMENT,,,,App,3,4,8,1,1,1,1,,
565809,,,,,,,,,,,,App,27,7,,0,0,0,,,
852989,,,,,,,,,,1,,App,27,0,,0,0,0,,,
712975,,,,,,,,Tr1.1 SMS & TREATMENT,,,,App,0,0,,1,1,0,,,
254343,,,,,,,,Tr1.1 SMS & TREATMENT,,,1,Contact,0,,,1,0,0,,,
181267,,,,,,,,Tr2.0 NO SMS CONTROL,,,,App,0,4,,1,1,0,,,
998030,1,,,,,,,Tr2.1 NO SMS TREATMENT,,,,App,22,9,9,1,1,1,1,,
769983,,,,,,,,Tr2.0 NO SMS CONTROL,,,,App,2,1,,0,0,0,,,
867615,,,,,,,,,,,,Contact,27,,,1,0,0,,,
988276,,,,,,,,,,1,,App,31,0,,0,0,0,,,
608550,,,,,,,,,,1,,App,31,0,,0,0,0,,,
121025,1,,,,,,,Tr2.1 NO SMS TREATMENT,,,,App,0,2,,1,1,1,1,,
262363,,,,,,,,Tr2.1 NO SMS TREATMENT,,,1,App,0,0,,1,1,0,,,
389857,1,,,,,,,Tr2.1 NO SMS TREATMENT,,,,App,18,4,12,1,1,1,1,,
746100,,,,,,,,Tr1.1 SMS & TREATMENT,,,1,App,0,1,,1,1,0,,,
588665,,,,,,,,,,,1,Contact,27,,,1,0,0,,,
159073,,,,,,,,GROUP 1 CONTROL,,,,App,0,0,,0,0,0,,,
947695,,,,,,,,Tr2.1 NO SMS TREATMENT,,,,App,0,2,,1,1,0,,,
950259,,,,,,,,,,1,,SMS,0,0,,1,0,0,0,,
463545,,,,,,,,Tr1.1 SMS & TREATMENT,,,,SMS,0,3,,1,0,0,0,,
207519,,,,,,,,GROUP 1 TREATMENT,,,1,App,0,1,,0,0,0,,,
445249,,,,,,,,,,1,2,Contact,27,,,1,0,0,,,
872184,,,,,,,,GROUP 1 CONTROL,,,1,App,0,0,,0,0,0,,,
478157,,,,,,,,,1,,,App,27,4,,0,0,0,,,
873227,,,,,,,,Tr2.1 NO SMS TREATMENT,,,,App,0,0,,1,1,0,0,,
484245,,,,,,,,,,1,1,SMS,0,0,,1,0,0,,,
604314,,,,,,,,Tr2.1 NO SMS TREATMENT,,,,App,0,5,,1,1,0,,,
389476,,,,,,,,,1,,,App,27,10,,0,0,0,,,
411815,,,,,,,,Tr2.1 NO SMS TREATMENT,,,,SMS,14,1,,1,0,0,,5,3
411815,,,,,,,,Tr2.1 NO SMS TREATMENT,,,,App – Pending Verification,14,3,,1,0,0,,5,3
774840,,,,,,,,,,1,,App,0,0,,1,1,0,,,
412888,,,,,,,,Tr1.1 SMS & TREATMENT,,,,App – Pending Verification,0,0,,1,1,0,,,
924331,1,,,,,,,Tr2.1 NO SMS TREATMENT,,,,App,0,2,13,1,1,1,1,,
260004,,,,,,,,Tr2.0 NO SMS CONTROL,,,,App,0,0,,1,1,0,,,
599553,,,,,,,,Tr2.1 NO SMS TREATMENT,,,,App,0,3,,1,1,0,,,
906131,,,,,,,,Tr2.1 NO SMS TREATMENT,,,1,App,0,0,,1,1,0,0,,
255969,,,,,,,,,,,1,App,27,0,,0,0,0,,,
575553,,,,,,,,GROUP 1 CONTROL,,,1,App,0,0,,0,0,0,,,
952696,,,,,,,,,,1,,App,0,0,,0,0,0,,,
850007,,,,,,,,Tr2.1 NO SMS TREATMENT,,,,App,0,0,,1,1,0,,,
901860,1,,,,,,,Tr2.1 NO SMS TREATMENT,,,1,App,0,4,,1,1,1,1,,
687753,,,1,1,,,,Tr1.1 SMS & TREATMENT,,,,SMS,0,2,,1,0,0,,,
379973,,,,,,,,,,1,,App,27,0,,0,0,0,,,
760004,1,,,,,,,Tr2.1 NO SMS TREATMENT,,,,App,0,6,,1,1,1,1,,
685824,,,,,,,,Tr2.1 NO SMS TREATMENT,,,1,Landline,0,0,,1,0,0,,,
997211,,,,,,,,,,1,,Contact,0,0,,1,0,0,,1,
998247,,,,,,,,Tr2.0 NO SMS CONTROL,,,1,Contact,0,0,,1,0,0,,,
